product_code,description,size,order_unit,invoice_count,purchase_line_count,total_quantity,min_price,max_price,latest_price,latest_date
090425,T.LAGER 11G KEG,11G,EA,13,13,20.0,123.66,130.75,130.75,2026-06-12
400522,O&G PROSECCO BRUT (FC) 6X75CL,,CS,4,4,13.0,34.67,34.67,34.67,2026-06-26
400745,Caledonia Best 30L Keg,30L,EA,11,11,17.0,52.65,55.45,55.45,2026-06-19
400751,Menabrea 4.8% 50L Keg,50L,EA,14,14,21.0,165.19,174.01,174.01,2026-06-26
400890,T. Lager 24x20oz Glass,,CS,1,1,1.0,0.0,0.0,0.0,2026-05-08
80000142,MAGNERS ORIG 24x330ml NRB,,CS,5,5,13.0,18.87,19.44,19.44,2026-05-01
80000672,Menabrea Bionda 0% 24x330ml,,CS,5,5,5.0,16.99,22.71,22.71,2026-06-19
80000712,MENABREA 20oz CHALICE,,CS,1,1,2.0,0.0,0.0,0.0,2026-05-08
AMA001,AMARETTO 6X70CL,,EA,2,2,2.0,16.99,16.99,16.99,2026-06-19
ANT002,ANTICA SAMBUCA 70cl x6,,EA,1,1,3.0,14.43,14.43,14.43,2026-02-27
APE002,APEROL 6X70CL,,EA,1,1,2.0,13.34,13.34,13.34,2026-05-01
ARC001,ARCHERS 18% 70cl x6,,EA,1,1,1.0,13.13,13.13,13.13,2026-02-27
BAC002,BACARDI SUPERIOR RUM 1.5L x6,,EA,1,1,1.0,34.91,34.91,34.91,2026-04-17
BAC003,BACARDI WHITE RUM 6X70CL,,EA,4,4,4.0,14.89,14.89,14.89,2026-03-20
BAI001,BAILEYS IRISH CRM 70cl x6,,EA,2,2,4.0,13.09,13.09,13.09,2026-06-12
BAI003,BAILEYS IRISH CRM 1.5L x6,,EA,1,1,1.0,26.76,26.76,26.76,2026-02-27
BLA012,BLACK BOTTLE WSKY 70cl x6,,EA,1,1,1.0,17.9,17.9,17.9,2026-02-27
BLAC06,J.W. BLACK LABEL 6X70CL,,EA,3,3,3.0,25.37,25.94,25.94,2026-06-12
BOM001,BOMBAY SAPPHIRE GIN 70cl x6,,EA,2,2,2.0,17.29,23.12,23.12,2026-06-12
BOT055,BOTTEGA GOLD PROSEC 24X20CL CS,,CS,1,1,1.0,67.68,67.68,67.68,2026-04-10
BOW003,BOWMORE 12YO 6X70,,EA,1,1,1.0,32.59,32.59,32.59,2026-04-17
BRE017,BREWDOG PUNK IPA NRB 12X330ML,,CS,4,4,5.0,19.55,19.7,19.7,2026-05-01
BUC001,Buckfast Tonic Wine 12x75cl,,EA,1,1,2.0,8.76,8.76,8.76,2026-03-20
BUD010,BUDWEISER 4.5% 24X330ML,,CS,5,5,12.0,22.77,22.77,22.77,2026-05-01
CAC020,CACTUS JACK APPLE SOUR 6X70CL,,EA,1,1,1.0,7.75,7.75,7.75,2026-03-20
CHI001,CHIVAS REGAL 12Y/O 6X70CL,,EA,1,1,1.0,24.54,24.54,24.54,2026-06-12
COR008,Corona Beer 24x330ml NRB ABI,,CS,6,6,13.0,22.89,26.05,22.89,2026-06-26
COU002,COURVOISIER VS 6X70CL,,EA,1,1,1.0,24.04,24.04,24.04,2026-02-27
DIE008,IRN BRU DIET NRB 330X24,,CS,6,6,7.0,19.49,20.26,20.26,2026-05-08
DRA001,DRAMBUIE 70cl x6,,EA,1,1,6.0,19.99,19.99,19.99,2026-05-01
FAN015,FANTA ORANGE ICON 24X330 NRB,,CS,6,6,6.0,16.49,17.94,17.94,2026-06-26
FUN051,FUNKIN GOMM S/CANE SYRUP6X70CL,,EA,1,1,2.0,3.91,3.91,3.91,2026-05-01
FUN078,FUNKIN PUREE STRAWBER 5X1KG CS,,CS,1,1,1.0,39.4,39.4,39.4,2026-02-06
GIN028,BSD GINGER ALE 200MLX24,,CS,2,2,2.0,16.34,16.34,16.34,2026-03-20
GIN029,BSD GINGER BEER 200MLX24,,CS,2,2,2.0,16.87,16.87,16.87,2026-05-01
GLA001,GLAYVA WHISKY LIQ 70cl x6,,EA,1,1,1.0,27.17,27.17,27.17,2026-02-06
GLE001,GLENFIDDICH MALT WHKY 70cl x6,,EA,2,2,3.0,26.99,26.99,26.99,2026-06-19
GLE086,GLEN MORAY CLASSIC 6X70CL,,EA,1,1,1.0,21.04,21.04,21.04,2026-02-27
GOR002,GORDONS GIN 1.5L x6,,EA,2,2,2.0,26.19,27.09,27.09,2026-04-17
GOR003,GORDONS GIN 70cl x 6,,EA,5,5,11.0,12.45,12.99,12.99,2026-06-12
GRE004,GREY GOOSE VODKA 6X70CL,,EA,2,2,2.0,31.39,32.1,32.1,2026-06-12
GRO003,FAMOUS GROUSE WHKY 1.5L x6,,EA,1,1,1.0,30.45,30.45,30.45,2026-04-17
GUI002,GUINNESS 50L KEG,50L,EA,2,2,3.0,168.43,168.43,168.43,2026-02-20
GUI003,Guinness Draught 30L Keg,30L,EA,10,10,18.0,106.93,106.93,106.93,2026-06-26
GUI004,GUINNESS DRAUGHT 0% CAN 440X24,,CS,3,3,4.0,23.0,23.0,23.0,2026-05-22
HEN009,HENDRICKS GIN 6X70CL,,EA,4,4,4.0,23.49,26.1,26.1,2026-06-12
HIG015,HIGHLAND PARK 12YO 6X70,,EA,1,1,1.0,35.01,35.01,35.01,2026-02-06
IRN013,IRN BRU NRB 24 X 330ML NRB,,CS,7,7,9.0,19.49,20.26,20.26,2026-06-12
J2O001,BVC J20 APP+MANGO 24X275ML NRB,,CS,2,2,2.0,21.33,21.33,21.33,2026-06-26
J2O003,BVC J20 ORA+PASS 24X275ML NRB,,CS,4,4,4.0,20.66,21.15,21.15,2026-06-26
J2O005,BVC J20 APPL&RASP 24X275ML NRB,,CS,2,2,2.0,21.33,21.33,21.33,2026-06-26
JAC001,JACK DANIELS 70cl x6,,EA,3,3,5.0,18.99,18.99,18.99,2026-06-12
JAC002,JACK DANIELS 1.5L x6,,EA,1,1,1.0,43.9,43.9,43.9,2026-04-17
JAG001,JAGERMEISTER LIQUEUR 70x6,,EA,1,1,1.0,16.31,16.31,16.31,2026-03-20
JAM001,JAMESONS WHISKEY 70cl x6,,EA,4,4,4.0,17.89,21.47,21.47,2026-06-12
JAM002,JAMESONS 6X1.5LTR,,EA,1,1,1.0,43.95,43.95,43.95,2026-02-06
KOP003,KOPPARB MIXED FRUIT 15X500 NRB,,CS,6,6,10.0,24.99,26.57,24.99,2026-06-12
KOP008,KOPPARB STRAW/LIME 15X500 NRB,,CS,7,7,13.0,24.99,26.57,24.99,2026-06-12
KOP018,KOPPARB S/LIME ALC FREE 8X500,,CS,8,8,14.0,11.13,11.37,11.37,2026-06-26
KRA001,KRAKEN SPICED DARK RUM 6X70CL,,EA,7,7,7.0,18.49,20.49,20.49,2026-06-26
LIM009,BVC LIME CORDIAL 1LT x12,,CS,3,3,3.0,20.53,20.53,20.53,2026-06-26
LON016,L.E GINGER BEER 24X200ML,,CS,2,2,3.0,12.99,17.76,12.99,2026-03-13
M10341,Menabrea Blonde 4.8% 24x330ml,,CS,4,4,6.0,23.99,26.91,26.91,2026-05-22
MAR003,MARTELL VS 70cl x6,,EA,1,1,1.0,26.71,26.71,26.71,2026-02-27
MAR009,MARTINI BIANCO 6X75CL,,EA,1,1,1.0,11.95,11.95,11.95,2026-06-08
NEW002,NEWCASTLE BROWN A 12X550ML NRB,,CS,1,1,3.0,21.66,21.66,21.66,2026-05-22
OVD002,O.V.D. RUM 6X70CL,,EA,2,2,2.0,19.08,19.08,19.08,2026-02-27
PAD005,PADDOCK CHARDONNAY 6X75CL,,EA,6,6,78.0,5.11,5.11,5.11,2026-06-19
PAD006,PADDOCK SHIRAZ 75X6,,EA,6,6,67.0,5.03,5.03,5.03,2026-06-19
PAS001,PASSOA 6X70CL,,EA,1,1,1.0,12.94,12.94,12.94,2026-05-01
PEP023,DIET PEPSI 24 X 200ML NRB,,CS,9,9,13.0,12.37,12.37,12.37,2026-05-08
PEP031,DIET PEPSI NRB 24 X 330ML NRB,,CS,1,1,4.0,15.68,15.68,15.68,2026-06-26
PER024,PERONI NASTRO AZZURO GF 330X24,,CS,1,1,2.0,34.33,34.33,34.33,2026-05-01
POS035,BARRS IRN BRU RS BIB 10L,,EA,1,1,1.0,72.75,72.75,72.75,2026-02-20
RED002,J.W. RED LABEL 6X70CL,,EA,2,2,2.0,18.66,18.66,18.66,2026-06-12
RED009,RED BULL CAN 24 X 250ML CAN,,CS,5,5,7.0,26.61,27.95,27.95,2026-06-26
RED013,RED BULL WATERMEL 12X250ML CAN,,CS,1,1,1.0,14.39,14.39,14.39,2026-03-20
SEV006,7 UP FREE 24X330ML NRB,,CS,5,5,5.0,17.69,18.05,18.05,2026-06-12
SLI002,SCHWEP SLIM TONIC 24X200ML NRB,,CS,1,1,2.0,11.29,11.29,11.29,2026-03-13
SMI002,SMIRNOFF RED LABEL 1.5L x6,,EA,2,2,2.0,26.19,26.19,26.19,2026-04-10
SMI010,SMIR RED ICE 24X275ML NRB,,CS,2,2,3.0,22.49,28.89,22.49,2026-06-19
SMI036,SMIRNOFF - GOLD 6X70CL,,EA,1,1,1.0,22.58,22.58,22.58,2026-03-20
SMIR03,Smirnoff - Red 6x70cl,,EA,7,7,48.0,12.29,12.99,12.69,2026-06-12
SOU001,SOUTHERN COMF 70cl x6,,EA,1,1,1.0,14.49,14.49,14.49,2026-02-20
SOU008,APPLE SOURZ 70cl x6,,EA,1,1,1.0,8.77,8.77,8.77,2026-06-19
SOU012,SOURZ CHERRY 70cl x6,,EA,1,1,1.0,8.77,8.77,8.77,2026-06-19
SOU016,SOURZ RASPBERRY 70cl x6,,EA,1,1,1.0,8.77,8.77,8.77,2026-06-19
SPI001,CAPT MORGAN SPICED RUM 70cl x6,,EA,8,8,12.0,12.59,12.99,12.99,2026-06-26
SPI002,CAPT MORGAN SPICE 1.5L x6,,EA,1,1,1.0,27.09,27.09,27.09,2026-04-17
STI003,STIVY'S - KOLA KUBES 6X70CL,,EA,1,1,2.0,11.23,11.23,11.23,2026-03-20
STR047,STRATHMORE STILL 12 X 75CL,,CS,1,1,1.0,12.22,12.22,12.22,2026-05-01
T00014703,ALFIERI MARSALA 75x6,,EA,1,1,1.0,8.98,8.98,8.98,2026-05-01
T00020613,F'STONE MUSIC ROOM CABER 75x6,,EA,1,1,1.0,14.87,14.87,14.87,2026-03-20
T00029324,CASA ALBALI VERDJ/SAUV 75X6,,EA,1,1,10.0,5.78,5.78,5.78,2026-02-20
T00029357,DA LUCA PROSECCO 75X6,,EA,6,6,49.0,7.86,7.86,7.86,2026-06-26
T00031626,DA LUCA PROSECCO 20X24,,CS,7,7,8.0,61.2,61.63,61.2,2026-06-26
T00032446,PEPSI MAX 200X24,,CS,7,7,8.0,10.76,10.76,10.76,2026-06-26
T00033839,BORGO TESIS CAB/SAUV 75x12,,EA,3,3,8.0,0.0,0.0,0.0,2026-05-01
T00033841,BORGO TESIS PINOT GRIGIO 75x12,,EA,9,10,114.0,0.0,7.34,7.34,2026-05-08
T00035757,SANTA RITA 8KM MERLOT 75x6,,EA,6,6,41.0,6.3,6.3,6.3,2026-06-12
T00035765,ALMA MORA RESERVE MALBEC 75X6,,EA,3,3,19.0,7.91,8.04,8.04,2026-06-12
T00037459,OS PULPO NZ SAUV BLANC 75X6,,EA,3,3,22.0,8.59,8.59,8.59,2026-06-12
T00040082,DA LUCA PROSECCO ROSE 75X6,,EA,1,1,6.0,8.08,8.08,8.08,2026-04-10
T00040844,PULPO WEST CAPE SAUV B 75X6,,EA,3,3,25.0,6.43,6.43,6.43,2026-05-22
T00041945,EL CUYO MALBEC 75X6,,EA,10,10,74.0,6.36,6.48,6.48,2026-06-26
T00044132,TANQUERAY LONDN DRY 41.3% 70X6,,EA,3,3,3.0,16.97,17.21,17.21,2026-06-12
T00044657,PETAL AND STEM SAUV BL 75x6,,EA,1,1,16.0,7.4,7.4,7.4,2026-01-09
T00044659,WKD BLUE VODKA PET 275X24,,CS,1,1,1.0,25.16,25.16,25.16,2026-06-19
T00045153,MALIBU 70x6,,EA,2,2,2.0,10.99,13.22,10.99,2026-06-12
T00045359,BRITVIC MIXERS BASE 7LX1,,EA,3,3,3.0,76.65,76.65,76.65,2026-05-01
T00045360,BRITVIC HALO R WHITE BASE 7LX1,,EA,2,2,2.0,61.75,63.44,63.44,2026-03-20
T00045362,BRITVIC DISPENSE GINGER 5CLX1,,EA,1,1,1.0,45.0,45.0,45.0,2026-04-24
T00045363,BRITVIC DISPENSE RASPBY 5CLX1,,EA,1,1,1.0,45.0,45.0,45.0,2026-06-19
T00045365,BRITVIC HALO LEMON 5CLX1,,EA,3,3,3.0,45.0,45.0,45.0,2026-06-19
T00045634,BRITVIC DISPENSE TONIC 5CLX1,,EA,2,2,2.0,45.0,45.0,45.0,2026-04-24
T00045890,MAGLIA ROSA PG 10.5% 75X12,,EA,5,5,42.0,5.38,5.38,5.38,2026-06-26
T00045954,CORTE VIGNA PG 10.5% 75X12,,EA,4,4,22.0,5.01,5.47,5.47,2026-04-10
T00046000,CRABBIES GING BEER 3.4% 500X12,,CS,1,1,2.0,15.54,15.54,15.54,2026-05-01
T00046001,MAGLIA ROSA BLUSH 10.5% 75X12,,EA,9,9,61.0,5.0,5.46,5.46,2026-06-08
T00046117,SMIRNOFF RASPB CRUSH 35% 70X6,,EA,1,1,2.0,16.53,16.53,16.53,2026-03-20
T00046200,WHISP HILLS WHT ZINF 8% 75X6,,EA,10,10,89.0,3.99,4.09,4.09,2026-06-26
T00046429,JOSE CUERVO ESP SILV 35% 70X6,,EA,1,1,1.0,19.47,19.47,19.47,2026-03-20
T00046437,GLENMORANGIE ORIG 12 YO 70X6,,EA,1,1,1.0,28.1,28.1,28.1,2026-02-27
T00046582,GORDONS PINK 35% 1.5LX6,,EA,1,1,1.0,28.49,28.49,28.49,2026-04-17
T00046586,GORDONS PINK 35% 70X6,,EA,4,4,7.0,13.29,13.99,13.99,2026-06-19
T00046654,PATRON XO CAFE 70X6,,EA,1,1,1.0,39.18,39.18,39.18,2026-03-20
T00046710,SANTA RITA 8KM SAUVB 12.5%75X6,,EA,11,11,80.0,5.72,6.3,6.3,2026-06-26
T00046734,PEPSI NRB 200x24,,CS,11,11,15.0,12.07,13.44,13.44,2026-06-19
T00047414,LA CAMPAGNE CHARDONNAY 75x6,,EA,6,6,52.0,6.06,6.21,6.21,2026-05-22
T00047627,LA CAMPAGNE MERLOT 75x6,,EA,5,5,32.0,6.29,6.29,6.29,2026-05-22
T00047689,FAMOUS GROUSE WHISKY 70X6,,EA,5,5,6.0,12.99,15.76,12.99,2026-06-26
T00047967,BABYDOLL SAUVIGNON BLANC 75X6,,EA,1,1,1.0,8.32,8.32,8.32,2026-03-20
T00048153,HIGHLAND SPRING STILL 330X24,,CS,2,2,2.0,9.7,9.7,9.7,2026-02-27
T00048727,DIET PEPSI BIB 7LX1,,CS,2,2,3.0,51.88,51.88,51.88,2026-06-19
T00048728,R WHITES SUGAR FREE BIB 7LX1,,CS,6,6,6.0,42.94,45.35,42.94,2026-06-19
T00048731,PEPSI MAX BIB 7LX1,,CS,8,8,11.0,51.88,54.19,51.88,2026-06-19
T00049433,KOPPARBERG MANGO NRB 500X15,,CS,2,2,2.0,0.0,0.0,0.0,2026-05-01
TEN172,TENNENTS 10 OZ GLASSWARE X 24,,CS,1,1,1.0,0.0,0.0,0.0,2026-05-08
TEQ001,TEQUILA ROSE 6X70CL,,EA,1,1,4.0,12.99,12.99,12.99,2026-05-01
TIA001,TIA MARIA 20% 70cl x6,,EA,3,3,8.0,15.95,16.4,16.4,2026-06-12
TON004,BSD TONIC 200MLX24,,CS,6,8,8.0,0.0,13.68,13.68,2026-06-19
TON005,BSD TONIC LOW CAL 200MLX24,,CS,4,4,5.0,13.68,13.68,13.68,2026-06-19
WIL008,WILDWOOD SHIRAZ 6X75CL,,EA,2,2,28.0,9.63,9.63,9.63,2026-05-01
